{"acc": 0.9426000118255615, "time": 0.0006780568229878554}