{"acc": 0.9679999947547913, "time": 0.04842363271602517, "loss": 0.13605478405952454}