{"acc": 0.965499997138977, "time": 0.00014138452498718834, "loss": 0.12509304285049438}