{
  "acc": 0.968,
  "model_conversion_time": 1.8448877334594727,
  "time": 0.0024204840660095213,
  "loss": null,
  "precision_loss": null
}